usdRate,euroRate
0.0541550458964014,0.05018959681568331
